Workbook

Sheet Summary
A1: Payments Data Migration: QA Summary
A2: Synthetic data adapted from public PaySim. Fictional bank and roles. Results come from scripts in /python.
A4: Test cases | B4: =COUNTA('Test Cases'!$A$4:$A$33) -> 30
A5: Latest result: Pass | B5: =COUNTIF('Test Cases'!$L$4:$L$33,"Pass") -> 27
A6: Latest result: Fail | B6: =COUNTIF('Test Cases'!$L$4:$L$33,"Fail") -> 0
A7: Latest result: Not Run (UAT) | B7: =COUNTIF('Test Cases'!$L$4:$L$33,"Not Run") -> 3
A8: Defects raised | B8: =COUNTA('Defect Log'!$A$4:$A$13) -> 10
A9: Defects Critical | B9: =COUNTIF('Defect Log'!$C$4:$C$13,"Critical") -> 2
A10: Defects High | B10: =COUNTIF('Defect Log'!$C$4:$C$13,"High") -> 6
A11: Defects Medium | B11: =COUNTIF('Defect Log'!$C$4:$C$13,"Medium") -> 2
A12: Defects Closed | B12: =COUNTIF('Defect Log'!$K$4:$K$13,"Closed") -> 10
A13: Requirements | B13: =COUNTA(RTM!$A$4:$A$17) -> 14
A14: Requirements Pass | B14: =COUNTIF(RTM!$I$4:$I$17,"Pass") -> 11
A15: Requirements Pending UAT | B15: =COUNTIF(RTM!$I$4:$I$17,"Pending UAT") -> 3
A16: Exceptions, trial load 1 | B16: ='Recon Results'!D21 -> 4010
A17: Exceptions, rehearsal 2 | B17: ='Recon Results'!E21 -> 0

Sheet Test Cases
A1: Synthetic data adapted from public PaySim. Fictional bank and roles. Results come from scripts in /python.
A3: ID | B3: Type | C3: Title | D3: Requirement | E3: Method | F3: Expected | G3: Run 1 (trial load 1) | H3: Run 1 evidence | I3: Run 2 (rehearsal 2) | J3: Run 2 evidence | K3: Defect | L3: Latest result
A4: TC-01 | B4: SIT | C4: Record completeness: every legacy payment exists in target | D4: REQ-001 | E4: Run sql/02_reconciliation_rules.sql, rule R01 | F4: 0 exceptions | G4: Fail | H4: 400 exceptions | I4: Pass | J4: 0 exceptions | K4: DEF-001 | L4: =IF(I4="N/A",G4,I4) -> Pass
A5: TC-02 | B5: SIT | C5: No target payment exists without a legacy source | D5: REQ-003 | E5: Run sql/02_reconciliation_rules.sql, rule R02 | F5: 0 exceptions | G5: Fail | H5: 200 exceptions | I5: Pass | J5: 0 exceptions | K5: DEF-002 | L5: =IF(I5="N/A",G5,I5) -> Pass
A6: TC-03 | B6: SIT | C6: No payment_id appears more than once in target | D6: REQ-002 | E6: Run sql/02_reconciliation_rules.sql, rule R03 | F6: 0 exceptions | G6: Fail | H6: 300 exceptions | I6: Pass | J6: 0 exceptions | K6: DEF-003 | L6: =IF(I6="N/A",G6,I6) -> Pass
A7: TC-04 | B7: SIT | C7: Amount matches legacy to the cent | D7: REQ-004 | E7: Run sql/02_reconciliation_rules.sql, rule R04 | F7: 0 exceptions | G7: Fail | H7: 800 exceptions | I7: Pass | J7: 0 exceptions | K7: DEF-004 | L7: =IF(I7="N/A",G7,I7) -> Pass
A8: TC-05 | B8: SIT | C8: Originator account migrates at full length | D8: REQ-005 | E8: Run sql/02_reconciliation_rules.sql, rule R05 | F8: 0 exceptions | G8: Fail | H8: 500 exceptions | I8: Pass | J8: 0 exceptions | K8: DEF-005 | L8: =IF(I8="N/A",G8,I8) -> Pass
A9: TC-06 | B9: SIT | C9: Settlement date is ISO 8601 (YYYY-MM-DD) | D9: REQ-006 | E9: Run sql/02_reconciliation_rules.sql, rule R06 | F9: 0 exceptions | G9: Fail | H9: 600 exceptions | I9: Pass | J9: 0 exceptions | K9: DEF-006 | L9: =IF(I9="N/A",G9,I9) -> Pass
A10: TC-07 | B10: SIT | C10: Settlement date value equals legacy date | D10: REQ-006 | E10: Run sql/02_reconciliation_rules.sql, rule R07 | F10: 0 exceptions | G10: Fail | H10: 300 exceptions | I10: Pass | J10: 0 exceptions | K10: DEF-007 | L10: =IF(I10="N/A",G10,I10) -> Pass
A11: TC-08 | B11: SIT | C11: Routing numbers present and 9 digits | D11: REQ-007 | E11: Run sql/02_reconciliation_rules.sql, rule R08 | F11: 0 exceptions | G11: Fail | H11: 500 exceptions | I11: Pass | J11: 0 exceptions | K11: DEF-008 | L11: =IF(I11="N/A",G11,I11) -> Pass
A12: TC-09 | B12: SIT | C12: Status codes map STL/PND/RTN to SETTLED/PENDING/RETURNED | D12: REQ-008 | E12: Run sql/02_reconciliation_rules.sql, rule R09 | F12: 0 exceptions | G12: Fail | H12: 400 exceptions | I12: Pass | J12: 0 exceptions | K12: DEF-009 | L12: =IF(I12="N/A",G12,I12) -> Pass
A13: TC-10 | B13: SIT | C13: Fraud flag preserved | D13: REQ-009 | E13: Run sql/02_reconciliation_rules.sql, rule R10 | F13: 0 exceptions | G13: Fail | H13: 10 exceptions | I13: Pass | J13: 0 exceptions | K13: DEF-010 | L13: =IF(I13="N/A",G13,I13) -> Pass
A14: TC-11 | B14: SIT | C14: Payment method maps W/A to WIRE/ACH | D14: REQ-010 | E14: Run sql/02_reconciliation_rules.sql, rule R11 | F14: 0 exceptions | G14: Pass | H14: 0 exceptions | I14: Pass | J14: 0 exceptions | L14: =IF(I14="N/A",G14,I14) -> Pass
A15: TC-12 | B15: SIT | C15: Payment direction maps C/D to CREDIT/DEBIT | D15: REQ-010 | E15: Run sql/02_reconciliation_rules.sql, rule R12 | F15: 0 exceptions | G15: Pass | H15: 0 exceptions | I15: Pass | J15: 0 exceptions | L15: =IF(I15="N/A",G15,I15) -> Pass
A16: TC-13 | B16: SIT | C16: Originator routing value unchanged | D16: REQ-007 | E16: Run sql/02_reconciliation_rules.sql, rule R13 | F16: 0 exceptions | G16: Pass | H16: 0 exceptions | I16: Pass | J16: 0 exceptions | L16: =IF(I16="N/A",G16,I16) -> Pass
A17: TC-14 | B17: SIT | C17: Beneficiary routing value unchanged | D17: REQ-007 | E17: Run sql/02_reconciliation_rules.sql, rule R14 | F17: 0 exceptions | G17: Pass | H17: 0 exceptions | I17: Pass | J17: 0 exceptions | L17: =IF(I17="N/A",G17,I17) -> Pass
A18: TC-15 | B18: SIT | C18: Beneficiary account unchanged | D18: REQ-005 | E18: Run sql/02_reconciliation_rules.sql, rule R15 | F18: 0 exceptions | G18: Pass | H18: 0 exceptions | I18: Pass | J18: 0 exceptions | L18: =IF(I18="N/A",G18,I18) -> Pass
A19: TC-16 | B19: SIT | C19: Trace ID unchanged | D19: REQ-011 | E19: Run sql/02_reconciliation_rules.sql, rule R16 | F19: 0 exceptions | G19: Pass | H19: 0 exceptions | I19: Pass | J19: 0 exceptions | L19: =IF(I19="N/A",G19,I19) -> Pass
A20: TC-17 | B20: SIT | C20: Routing numbers pass ABA checksum | D20: REQ-007 | E20: Run sql/02_reconciliation_rules.sql, rule R17 | F20: 0 exceptions | G20: Pass | H20: 0 exceptions | I20: Pass | J20: 0 exceptions | L20: =IF(I20="N/A",G20,I20) -> Pass
A21: TC-18 | B21: SIT | C21: API accepts a valid payment (201) | D21: REQ-013 | E21: Submit api/payloads/TC-18_valid_payment.json to reference validator | F21: HTTP 201 | G21: Pass | H21: HTTP 201 | I21: N/A | J21: No change since run 1 | L21: =IF(I21="N/A",G21,I21) -> Pass
A22: TC-19 | B22: SIT | C22: API rejects invalid routing checksum (422) | D22: REQ-013 | E22: Submit api/payloads/TC-19_invalid_routing_checksum.json to reference validator | F22: HTTP 422 ERR_ROUTING_INVALID | G22: Pass | H22: HTTP 422 ERR_ROUTING_INVALID | I22: N/A | J22: No change since run 1 | L22: =IF(I22="N/A",G22,I22) -> Pass
A23: TC-20 | B23: SIT | C23: API rejects missing required field (400) | D23: REQ-013 | E23: Submit api/payloads/TC-20_missing_amount.json to reference validator | F23: HTTP 400 ERR_MISSING_FIELD | G23: Pass | H23: HTTP 400 ERR_MISSING_FIELD | I23: N/A | J23: No change since run 1 | L23: =IF(I23="N/A",G23,I23) -> Pass
A24: TC-21 | B24: SIT | C24: API rejects negative amount (422) | D24: REQ-013 | E24: Submit api/payloads/TC-21_negative_amount.json to reference validator | F24: HTTP 422 ERR_AMOUNT_INVALID | G24: Pass | H24: HTTP 422 ERR_AMOUNT_INVALID | I24: N/A | J24: No change since run 1 | L24: =IF(I24="N/A",G24,I24) -> Pass
A25: TC-22 | B25: SIT | C25: API rejects duplicate Idempotency-Key (409) | D25: REQ-013 | E25: Submit api/payloads/TC-22_duplicate_idempotency_key.json to reference validator | F25: HTTP 409 ERR_DUPLICATE_PAYMENT | G25: Pass | H25: HTTP 409 ERR_DUPLICATE_PAYMENT | I25: N/A | J25: No change since run 1 | L25: =IF(I25="N/A",G25,I25) -> Pass
... A27: TC-24 | B27: SIT | C27: API rejects unsupported payment method (400) | D27: REQ-013 | E27: Submit api/payloads/TC-24_unsupported_method.json to reference validator | F27: HTTP 400 ERR_METHOD_UNSUPPORTED | G27: Pass | H27: HTTP 400 ERR_METHOD_UNSUPPORTED | I27: N/A | J27: No change since run 1 | L27: =IF(I27="N/A",G27,I27) -> Pass
A28: TC-25 | B28: SIT | C28: Control totals tie out (row count, distinct keys, amount total) | D28: REQ-014 | E28: Run sql/03_control_totals.sql | F28: Counts and amount total equal legacy | G28: Fail | H28: Rows 100,100 vs 100,000; amount variance -$4,452,155.93 | I28: Pass | J28: Rows 100,000; amount variance $0.00 | K28: DEF-001, DEF-002, DEF-003, DEF-004 | L28: =IF(I28="N/A",G28,I28) -> Pass
A29: TC-26 | B29: Regression | C29: Clean fields stay clean after fixes (R11 to R17) | D29: REQ-014 | E29: Rerun R11 to R17 on rehearsal 2 | F29: 0 exceptions | G29: N/A | H29: Baseline: 0 exceptions on trial load 1 for R11 to R17 | I29: Pass | J29: R11 to R17: 0 exceptions | L29: =IF(I29="N/A",G29,I29) -> Pass
A30: TC-27 | B30: SIT | C30: Exception log has required columns and one row per exception | D30: REQ-012 | E30: Check data/results/trial1/exceptions.csv columns and row count vs summary | F30: 6 columns, rows equal summary total | G30: Pass | H30: 4,010 rows, columns OK | I30: N/A | J30: No exceptions to log on rehearsal 2 | L30: =IF(I30="N/A",G30,I30) -> Pass
A31: TC-28 | B31: UAT | C31: Payments Operations reviews the ranked exception report | D31: REQ-012 | E31: Business user reviews exceptions by severity and confirms it is usable | F31: Report accepted | G31: Not Run | H31: Awaiting business users | I31: Not Run | J31: Awaiting business users | L31: =IF(I31="N/A",G31,I31) -> Not Run
A32: TC-29 | B32: UAT | C32: Compliance confirms all flagged payments retained | D32: REQ-009 | E32: Compliance spot-checks fraud-flagged payments in target | F32: All 122 flagged payments retained | G32: Not Run | H32: Awaiting business users | I32: Not Run | J32: Awaiting business users | L32: =IF(I32="N/A",G32,I32) -> Not Run
A33: TC-30 | B33: UAT | C33: Finance Controller signs off control totals | D33: REQ-014 | E33: Finance reviews control totals and sign-off sheet | F33: Signed | G33: Not Run | H33: Awaiting business users | I33: Not Run | J33: Awaiting business users | L33: =IF(I33="N/A",G33,I33) -> Not Run

Sheet Defect Log
A1: Synthetic data adapted from public PaySim. Fictional bank and roles. Results come from scripts in /python. Root causes are simulated hypotheses: the defects were seeded.
A3: ID | B3: Title | C3: Severity | D3: Recon rule | E3: Test case | F3: Records affected | G3: Value of affected payments (USD) | H3: Suspected root cause (simulated) | I3: Fix | J3: Found in | K3: Status | L3: Retest
A4: DEF-001 | B4: Payments missing from target | C4: Critical | D4: R01 | E4: TC-01 | F4: 400 | G4: 1.0384657e+08 | H4: Load job skipped rows that failed a target constraint without logging them | I4: Log and reject every skipped row. Add completeness check before cutover. | J4: Trial load 1 | K4: Closed | L4: Retest passed on rehearsal 2 (0 exceptions)
A5: DEF-002 | B5: Records in target with no legacy source | C5: High | D5: R02 | E5: TC-02 | F5: 200 | G5: 46804255 | H5: Rows from an earlier test load were not purged before the trial load | I5: Purge target before each load. Add R02 as a pre-cutover gate. | J5: Trial load 1 | K5: Closed | L5: Retest passed on rehearsal 2 (0 exceptions)
A6: DEF-003 | B6: Duplicate payment_id in target | C6: High | D6: R03 | E6: TC-03 | F6: 300 | G6: 52590152 | H6: Load job restarted mid-batch and re-inserted rows, no unique key enforced | I6: Enforce unique key on payment_id. Make load restartable. | J6: Trial load 1 | K6: Closed | L6: Retest passed on rehearsal 2 (0 exceptions)
A7: DEF-004 | B7: Amounts rounded to whole dollars (absolute error $201.46 in total) | C7: High | D7: R04 | E7: TC-04 | F7: 800 | G7: 144571998 | H7: One ETL path cast amounts to integer | I7: Use Decimal(18,2) end to end. Remove integer cast. | J7: Trial load 1 | K7: Closed | L7: Retest passed on rehearsal 2 (0 exceptions)
A8: DEF-005 | B8: Originator account numbers truncated | C8: Medium | D8: R05 | E8: TC-05 | F8: 500 | G8: 79638299 | H8: Target column defined too narrow (see FG-04) | I8: Widen column to at least 11 characters (CR-004). | J8: Trial load 1 | K8: Closed | L8: Retest passed on rehearsal 2 (0 exceptions)
A9: DEF-006 | B9: Settlement date written as MM/DD/YYYY | C9: Medium | D9: R06 | E9: TC-06 | F9: 600 | G9: 1.0200076e+08 | H9: Second code path used a different date format | I9: Single ISO 8601 conversion function for all paths. | J9: Trial load 1 | K9: Closed | L9: Retest passed on rehearsal 2 (0 exceptions)
A10: DEF-007 | B10: Settlement date shifted by one day | C10: High | D10: R07 | E10: TC-07 | F10: 300 | G10: 52861403 | H10: Timezone conversion moved some dates | I10: Convert dates without timezone logic. | J10: Trial load 1 | K10: Closed | L10: Retest passed on rehearsal 2 (0 exceptions)
A11: DEF-008 | B11: Beneficiary routing number blank | C11: High | D11: R08 | E11: TC-08 | F11: 500 | G11: 73100733 | H11: Blank source field mapped without a required-field check | I11: Reject blanks before load. Add R08 and R17 as gates. | J11: Trial load 1 | K11: Closed | L11: Retest passed on rehearsal 2 (0 exceptions)
A12: DEF-009 | B12: Pending payments shown as settled | C12: High | D12: R09 | E12: TC-09 | F12: 400 | G12: 72793880 | H12: Unmapped PND code defaulted to SETTLED | I12: Explicit lookup, reject unmapped codes. | J12: Trial load 1 | K12: Closed | L12: Retest passed on rehearsal 2 (0 exceptions)
A13: DEF-010 | B13: Fraud flag lost on conversion | C13: Critical | D13: R10 | E13: TC-10 | F13: 10 | G13: 25818752 | H13: Boolean mapping dropped Y on a subset of rows | I13: Explicit Y to 1 mapping. Keep R10 as a Critical gate. | J13: Trial load 1 | K13: Closed | L13: Retest passed on rehearsal 2 (0 exceptions)

Sheet RTM
A1: Synthetic data adapted from public PaySim. Fictional bank and roles. Results come from scripts in /python.
A3: Requirement | B3: Description | C3: Priority | D3: Test cases | E3: Defects (trial load 1) | F3: Test cases | G3: Latest Pass | H3: Latest Fail | I3: Status
A4: REQ-001 | B4: Every in-scope legacy payment shall exist in the target | C4: Must | D4: TC-01 | E4: DEF-001 | F4: =COUNTIF('Test Cases'!$D$4:$D$33,A4) -> 1 | G4: =COUNTIFS('Test Cases'!$D$4:$D$33,A4,'Test Cases'!$L$4:$L$33,"Pass") -> 1 | H4: =COUNTIFS('Test Cases'!$D$4:$D$33,A4,'Test Cases'!$L$4:$L$33,"Fail") -> 0 | I4: =IF(H4>0,"Fail",IF(G4=F4,"Pass","Pending UAT")) -> Pass
A5: REQ-002 | B5: No payment_id shall appear more than once in the target | C5: Must | D5: TC-03 | E5: DEF-003 | F5: =COUNTIF('Test Cases'!$D$4:$D$33,A5) -> 1 | G5: =COUNTIFS('Test Cases'!$D$4:$D$33,A5,'Test Cases'!$L$4:$L$33,"Pass") -> 1 | H5: =COUNTIFS('Test Cases'!$D$4:$D$33,A5,'Test Cases'!$L$4:$L$33,"Fail") -> 0 | I5: =IF(H5>0,"Fail",IF(G5=F5,"Pass","Pending UAT")) -> Pass
A6: REQ-003 | B6: No target payment shall exist without a legacy source | C6: Must | D6: TC-02 | E6: DEF-002 | F6: =COUNTIF('Test Cases'!$D$4:$D$33,A6) -> 1 | G6: =COUNTIFS('Test Cases'!$D$4:$D$33,A6,'Test Cases'!$L$4:$L$33,"Pass") -> 1 | H6: =COUNTIFS('Test Cases'!$D$4:$D$33,A6,'Test Cases'!$L$4:$L$33,"Fail") -> 0 | I6: =IF(H6>0,"Fail",IF(G6=F6,"Pass","Pending UAT")) -> Pass
A7: REQ-004 | B7: Amount shall match the legacy value to the cent, no rounding | C7: Must | D7: TC-04 | E7: DEF-004 | F7: =COUNTIF('Test Cases'!$D$4:$D$33,A7) -> 1 | G7: =COUNTIFS('Test Cases'!$D$4:$D$33,A7,'Test Cases'!$L$4:$L$33,"Pass") -> 1 | H7: =COUNTIFS('Test Cases'!$D$4:$D$33,A7,'Test Cases'!$L$4:$L$33,"Fail") -> 0 | I7: =IF(H7>0,"Fail",IF(G7=F7,"Pass","Pending UAT")) -> Pass
A8: REQ-005 | B8: Account numbers shall migrate at full length | C8: Must | D8: TC-05, TC-15 | E8: DEF-005 | F8: =COUNTIF('Test Cases'!$D$4:$D$33,A8) -> 2 | G8: =COUNTIFS('Test Cases'!$D$4:$D$33,A8,'Test Cases'!$L$4:$L$33,"Pass") -> 2 | H8: =COUNTIFS('Test Cases'!$D$4:$D$33,A8,'Test Cases'!$L$4:$L$33,"Fail") -> 0 | I8: =IF(H8>0,"Fail",IF(G8=F8,"Pass","Pending UAT")) -> Pass
A9: REQ-006 | B9: Settlement date converts to ISO 8601 with the same date value | C9: Must | D9: TC-06, TC-07 | E9: DEF-006, DEF-007 | F9: =COUNTIF('Test Cases'!$D$4:$D$33,A9) -> 2 | G9: =COUNTIFS('Test Cases'!$D$4:$D$33,A9,'Test Cases'!$L$4:$L$33,"Pass") -> 2 | H9: =COUNTIFS('Test Cases'!$D$4:$D$33,A9,'Test Cases'!$L$4:$L$33,"Fail") -> 0 | I9: =IF(H9>0,"Fail",IF(G9=F9,"Pass","Pending UAT")) -> Pass
A10: REQ-007 | B10: Routing numbers present, 9 digits, ABA checksum valid, unchanged | C10: Must | D10: TC-08, TC-13, TC-14, TC-17 | E10: DEF-008 | F10: =COUNTIF('Test Cases'!$D$4:$D$33,A10) -> 4 | G10: =COUNTIFS('Test Cases'!$D$4:$D$33,A10,'Test Cases'!$L$4:$L$33,"Pass") -> 4 | H10: =COUNTIFS('Test Cases'!$D$4:$D$33,A10,'Test Cases'!$L$4:$L$33,"Fail") -> 0 | I10: =IF(H10>0,"Fail",IF(G10=F10,"Pass","Pending UAT")) -> Pass
A11: REQ-008 | B11: Status codes map STL, PND, RTN with no defaulting | C11: Must | D11: TC-09 | E11: DEF-009 | F11: =COUNTIF('Test Cases'!$D$4:$D$33,A11) -> 1 | G11: =COUNTIFS('Test Cases'!$D$4:$D$33,A11,'Test Cases'!$L$4:$L$33,"Pass") -> 1 | H11: =COUNTIFS('Test Cases'!$D$4:$D$33,A11,'Test Cases'!$L$4:$L$33,"Fail") -> 0 | I11: =IF(H11>0,"Fail",IF(G11=F11,"Pass","Pending UAT")) -> Pass
A12: REQ-009 | B12: Fraud flag preserved for every payment | C12: Must | D12: TC-10, TC-29 | E12: DEF-010 | F12: =COUNTIF('Test Cases'!$D$4:$D$33,A12) -> 2 | G12: =COUNTIFS('Test Cases'!$D$4:$D$33,A12,'Test Cases'!$L$4:$L$33,"Pass") -> 1 | H12: =COUNTIFS('Test Cases'!$D$4:$D$33,A12,'Test Cases'!$L$4:$L$33,"Fail") -> 0 | I12: =IF(H12>0,"Fail",IF(G12=F12,"Pass","Pending UAT")) -> Pending UAT
A13: REQ-010 | B13: Payment method and direction map correctly | C13: Must | D13: TC-11, TC-12 | F13: =COUNTIF('Test Cases'!$D$4:$D$33,A13) -> 2 | G13: =COUNTIFS('Test Cases'!$D$4:$D$33,A13,'Test Cases'!$L$4:$L$33,"Pass") -> 2 | H13: =COUNTIFS('Test Cases'!$D$4:$D$33,A13,'Test Cases'!$L$4:$L$33,"Fail") -> 0 | I13: =IF(H13>0,"Fail",IF(G13=F13,"Pass","Pending UAT")) -> Pass
A14: REQ-011 | B14: Trace ID preserved unchanged | C14: Must | D14: TC-16 | F14: =COUNTIF('Test Cases'!$D$4:$D$33,A14) -> 1 | G14: =COUNTIFS('Test Cases'!$D$4:$D$33,A14,'Test Cases'!$L$4:$L$33,"Pass") -> 1 | H14: =COUNTIFS('Test Cases'!$D$4:$D$33,A14,'Test Cases'!$L$4:$L$33,"Fail") -> 0 | I14: =IF(H14>0,"Fail",IF(G14=F14,"Pass","Pending UAT")) -> Pass
A15: REQ-012 | B15: Every exception logged with rule, severity, legacy and target values | C15: Must | D15: TC-27, TC-28 | F15: =COUNTIF('Test Cases'!$D$4:$D$33,A15) -> 2 | G15: =COUNTIFS('Test Cases'!$D$4:$D$33,A15,'Test Cases'!$L$4:$L$33,"Pass") -> 1 | H15: =COUNTIFS('Test Cases'!$D$4:$D$33,A15,'Test Cases'!$L$4:$L$33,"Fail") -> 0 | I15: =IF(H15>0,"Fail",IF(G15=F15,"Pass","Pending UAT")) -> Pending UAT
A16: REQ-013 | B16: Payment API accepts JSON, validates, returns structured errors | C16: Should | D16: TC-18, TC-19, TC-20, TC-21, TC-22, TC-23, TC-24 | F16: =COUNTIF('Test Cases'!$D$4:$D$33,A16) -> 7 | G16: =COUNTIFS('Test Cases'!$D$4:$D$33,A16,'Test Cases'!$L$4:$L$33,"Pass") -> 7 | H16: =COUNTIFS('Test Cases'!$D$4:$D$33,A16,'Test Cases'!$L$4:$L$33,"Fail") -> 0 | I16: =IF(H16>0,"Fail",IF(G16=F16,"Pass","Pending UAT")) -> Pass
A17: REQ-014 | B17: Go-live needs zero open Critical and High exceptions and signed UAT | C17: Must | D17: TC-25, TC-26, TC-30 | F17: =COUNTIF('Test Cases'!$D$4:$D$33,A17) -> 3 | G17: =COUNTIFS('Test Cases'!$D$4:$D$33,A17,'Test Cases'!$L$4:$L$33,"Pass") -> 2 | H17: =COUNTIFS('Test Cases'!$D$4:$D$33,A17,'Test Cases'!$L$4:$L$33,"Fail") -> 0 | I17: =IF(H17>0,"Fail",IF(G17=F17,"Pass","Pending UAT")) -> Pending UAT

Sheet Change Log
A1: Synthetic data adapted from public PaySim. Fictional bank and roles. Results come from scripts in /python.
A3: ID | B3: Date | C3: Change | D3: Reason | E3: Impact | F3: Requested by | G3: Approver (fictional role) | H3: Status
A4: CR-001 | B4: 2026-10-07 | C4: Add ABA checksum rule R17 to reconciliation | D4: API enforces ABA checksum, so reconciliation must check it too (FG-05) | E4: REQ-007, TC-17 | F4: BA | G4: Core Platform Product Owner | H4: Implemented
A5: CR-002 | B5: 2026-10-07 | C5: Add control rules R11 to R17 for clean fields | D5: Prove fields that should not change did not change | E5: REQ-005, 007, 010, 011, TC-11 to TC-17, TC-26 | F5: BA | G5: QA Lead | H5: Implemented
A6: CR-003 | B6: 2026-10-07 | C6: Classify missing records and fraud flag loss as Critical | D6: Both are irreversible if missed at cutover | E6: REQ-001, REQ-009, severity model | F6: BA | G6: Financial Crime and Compliance | H6: Approved
A7: CR-004 | B7: 2026-10-07 | C7: Widen target account number columns to 11 or more characters | D7: Legacy accounts run to 11 characters (FG-04, DEF-005) | E7: REQ-005, TC-05 | F7: Data Migration Lead | G7: Core Platform Product Owner | H7: Implemented in rehearsal 2
A8: CR-005 | B8: 2026-10-07 | C8: Require Idempotency-Key header on payment API | D8: Prevent duplicate payment submission (TC-22) | E8: REQ-013, TC-22 | F8: BA | G8: Core Platform Product Owner | H8: Implemented in spec v1.0

Sheet RAID Log
A1: Synthetic data adapted from public PaySim. Fictional bank and roles. Results come from scripts in /python.
A3: Type | B3: ID | C3: Description | D3: Impact / detail | E3: Owner (fictional role) | F3: Next step | G3: Status
A4: Risk | B4: RK-01 | C4: Offsetting errors hide in totals: net variance looks small while gross error is large | D4: High impact. Net variance $-4,452,155.93 vs $203,240,980 of missing, duplicate and orphan payments | E4: Finance Controller | F4: Reconcile every payment (R01 to R17), not just totals | G4: Mitigated
A5: Risk | B5: RK-02 | C5: Fraud flag dropped during conversion | D5: Critical. 10 flagged payments lost the flag in trial load 1, $25,818,752 affected | E5: Financial Crime and Compliance | F5: R10 is a Critical gate. Compliance spot-check in UAT (TC-29) | G5: Open, pending UAT
A6: Risk | B6: RK-03 | C6: Pending payments reported as settled | D6: High. 400 of 5,038 pending payments affected in trial load 1 | E6: Payments Operations | F6: Explicit status lookup, R09 gate | G6: Mitigated
A7: Risk | B7: RK-04 | C7: Business users not available for UAT | D7: Medium. Go-live depends on TC-28 to TC-30 | E7: Program Manager | F7: Book UAT slots before rehearsal 3 | G7: Open
A8: Risk | B8: RK-05 | C8: Synthetic data may not reflect real production data quality | D8: Medium. Portfolio project, not a real conversion | E8: BA | F8: State this in the README and on the resume | G8: Accepted
A9: Assumption | B9: AS-01 | C9: Legacy extract is complete and frozen at extract time | E9: Data Migration Lead | F9: Confirm extract control total with legacy team | G9: Open
A10: Assumption | B10: AS-02 | C10: Synthetic routing numbers use prefix 99 so they cannot match a real bank | E10: BA | F10: None needed | G10: Closed
A11: Assumption | B11: AS-03 | C11: Business rules in the mapping document are approved by the business owner | E11: Head of Payments Operations | F11: Walk through mapping in review session | G11: Open
A12: Issue | B12: IS-01 | C12: Trial load 1 produced 4,010 exceptions (4.01% of records) | D12: 400 missing, 300 duplicate, 200 orphan, 10 fraud flags lost, and 6 other types | E12: Data Migration Lead | F12: Fix 10 defects, rerun as rehearsal 2 | G12: Closed (rehearsal 2: 0 exceptions)
A13: Issue | B13: IS-02 | C13: Net control total variance would pass a net-only tolerance check | D13: $4,452,155.93 net vs $203,240,980 gross | E13: Finance Controller | F13: Adopt decision DC-01 | G13: Closed
A14: Decision | B14: DC-01 | C14: Reconcile at payment level as well as in total | E14: Head of Payments Operations | F14: Done: rules R01 to R17 | G14: Approved
A15: Decision | B15: DC-02 | C15: How to treat merchant (M-prefix) beneficiary accounts | D15: 33,815 records have M-prefix beneficiaries (FG-12) | E15: Head of Payments Operations | F15: Business owner to decide: add beneficiary type attribute or keep as is | G15: Open
A16: Decision | B16: DC-03 | C16: Severity model: Critical, High, Medium | E16: QA Lead | F16: Done: defined in BRD section 7 | G16: Approved
A17: Dependency | B17: DP-01 | C17: Platform team widens account number column (FG-04, CR-004) | D17: Blocks DEF-005 retest | E17: Core Platform Product Owner | F17: Applied in rehearsal 2 | G17: Done
A18: Dependency | B18: DP-02 | C18: Compliance availability for TC-29 | D18: Blocks REQ-009 sign-off | E18: Financial Crime and Compliance | F18: Schedule review | G18: Open
A19: Dependency | B19: DP-03 | C19: Business owner approval of mapping rules | D19: Blocks AS-03 | E19: Head of Payments Operations | F19: Schedule review | G19: Open
A20: Action | B20: AC-01 | C20: Run UAT with Payments Operations (TC-28) | E20: Program Manager | F20: Book session | G20: Open
A21: Action | B21: AC-02 | C21: Get decision on merchant account handling (DC-02) | E21: BA | F21: Raise at next steering review | G21: Open
A22: Action | B22: AC-03 | C22: Compliance spot-check of 122 fraud-flagged payments (TC-29) | E22: Financial Crime and Compliance | F22: Schedule review | G22: Open

Sheet Recon Results
A1: Synthetic data adapted from public PaySim. Fictional bank and roles. Results come from scripts in /python.
A3: Rule | B3: Name | C3: Severity | D3: Exceptions, trial load 1 | E3: Exceptions, rehearsal 2 | F3: Value of affected payments, trial load 1 (USD)
A4: R01 | B4: MISSING_IN_TARGET | C4: Critical | D4: 400 | E4: 0 | F4: 1.0384657e+08
A5: R02 | B5: ORPHAN_IN_TARGET | C5: High | D5: 200 | E5: 0 | F5: 46804255
A6: R03 | B6: DUPLICATE_ID | C6: High | D6: 300 | E6: 0 | F6: 52590152
A7: R04 | B7: AMOUNT_MISMATCH | C7: High | D7: 800 | E7: 0 | F7: 144571998
A8: R05 | B8: ORIG_ACCOUNT_MISMATCH | C8: Medium | D8: 500 | E8: 0 | F8: 79638299
A9: R06 | B9: DATE_NOT_ISO | C9: Medium | D9: 600 | E9: 0 | F9: 1.0200076e+08
A10: R07 | B10: DATE_VALUE_MISMATCH | C10: High | D10: 300 | E10: 0 | F10: 52861403
A11: R08 | B11: ROUTING_MISSING_OR_INVALID | C11: High | D11: 500 | E11: 0 | F11: 73100733
A12: R09 | B12: STATUS_MISMATCH | C12: High | D12: 400 | E12: 0 | F12: 72793880
A13: R10 | B13: FRAUD_FLAG_MISMATCH | C13: Critical | D13: 10 | E13: 0 | F13: 25818752
A14: R11 | B14: PAYMENT_METHOD_MISMATCH | C14: High | D14: 0 | E14: 0 | F14: 0
A15: R12 | B15: DIRECTION_MISMATCH | C15: High | D15: 0 | E15: 0 | F15: 0
... A20: R17 | B20: ROUTING_CHECKSUM_INVALID | C20: High | D20: 0 | E20: 0 | F20: 0
A21: Total | D21: =SUM(D4:D20) -> 4010 | E21: =SUM(E4:E20) -> 0
